"Name","Disc. Date","R.A.","Dec."
"SN2005fr","2005/09/14","01:08:22.02,01:08:22.0,01:08:22.01,01:08:22.008,01:08:21.984,01:08:22.010","-00:05:46.7,-00:05:47,-00:05:46.65,-00:05:46.572,-00:05:47.004,-00:05:46.4892,-00:05:46.9896,-00:05:46.72,-00:05:46.74,-00:05:46.654"
"SN2007tt","2007/11/05","01:11:20.516,01:11:20.52,01:11:20.520","-00:12:19.41,-00:12:19.4148,-00:12:19.3644,-00:12:19.6992,-00:12:19.3,-00:12:19.30,-00:12:19.34,-00:12:19.423"
"SN2006mh","2006/10/17","01:15:13.394,01:15:13.392,01:15:13.39,01:15:13.398","+00:23:57.33,+00:23:57.3,+00:23:57.034,+00:23:57.30,+00:23:57.312"
"SN2007ta","2007/10/04","01:13:15.811,01:13:15.816,01:13:15.792,01:13:15.80,01:13:15.802,01:13:15.801","-00:01:31.46,-00:01:31.458,-00:01:31.476,-00:01:31.7064,-00:01:31.4,-00:01:31.40,-00:01:31.41,-00:01:31.428"
"SN2006md","2006/10/15","01:11:31.49,01:11:31.512,01:11:31.488,01:11:31.486,01:11:31.492","+00:24:34.3,+00:24:34.16,+00:24:33.88,+00:24:34.171,+00:24:34.2,+00:24:34.20,+00:24:34.163"
"SN2006mn","2006/10/23","01:07:48.391,01:07:48.384,01:07:48.36,01:07:48.39,01:07:48.392","-00:06:35.48,-00:06:35.424,-00:06:35.4312,-00:06:35.7732,-00:06:35.5,-00:06:35.50,-00:06:35.454"
"SN2007ts","2007/11/05","01:07:58.15,01:07:58.152,01:07:58.17,01:07:58.168,01:07:58.159","+00:27:48.9,+00:27:49.151,+00:27:48.863,+00:27:49.0,+00:27:49.00,+00:27:49.05,+00:27:48.972"
"SDSS-II SN 3825","2005/09/09","01:09:52.902,01:09:52.90,01:09:52.896,01:09:52.911","+00:36:19.03,+00:36:19.033,+00:36:19.271,+00:36:18.716,+00:36:19.019"
"SN2006lw","2006/09/16","02:08:33.669,02:08:33.67,02:08:33.670","-03:57:12.90,-03:57:12.9,-03:57:12.89,-03:57:12.888"
"SN2006ly","2006/09/16","02:34:42.381,02:34:42.38","-08:30:39.89,-08:30:39.9,-08:30:39.885"
"SN2007tj","2007/10/08","02:11:04.61,02:11:04.611","-04:11:50.0,-04:11:49.99,-04:11:50.04,-04:11:50.056"
"SN2007tk","2007/10/08","02:30:24.61,02:30:24.610,02:30:24.609","-08:17:54.4,-08:17:54.38,-08:17:54.44,-08:17:54.401"
"SN2003js","2003/10/24","02:29:52.15,02:29:52.158,02:29:52.152","-08:32:28.1,-08:32:28.09,-08:32:28.10,-08:32:28.19,-08:32:28.155"
"SN2006sk","2006/11/14","02:10:33.801,02:10:33.80,02:10:33.800","-04:04:03.86,-04:04:03.9,-04:04:03.79,-04:04:03.845"
"SN2003ji","2003/10/20","02:07:54.84,02:07:54.848,02:07:54.841","-03:28:28.4,-03:28:28.40,-03:28:28.42,-03:28:28.49,-03:28:28.055"
"SN2006so","2006/11/18","02:33:49.155,02:33:49.15,02:33:49.152","-08:59:15.78,-08:59:15.8,-08:59:15.68,-08:59:15.768"
"SN2006mf","2006/10/15","02:30:37.321,02:30:37.32,02:30:37.318","-07:57:04.44,-07:57:04.4,-07:57:04.39,-07:57:04.538"
"SN2007tp","2007/10/10","02:30:23.94,02:30:23.940","-09:13:39.8,-09:13:39.79,-09:13:39.85,-09:13:39.846"
"SN2007tq","2007/10/16","02:29:23.34,02:29:23.344,02:29:23.345","-07:52:27.7,-07:52:27.70,-07:52:27.68,-07:52:27.686"
"SN2007ud","2007/11/07","02:30:13.15,02:30:13.148,02:30:13.145","-09:15:39.4,-09:15:39.38,-09:15:39.45,-09:15:39.519"
"SN2006sb","2006/11/12","02:06:30.310,02:06:30.31,02:06:30.312","-04:05:30.60,-04:05:30.6,-04:05:30.59,-04:05:30.553"
"SN2006sq","2006/11/24","02:07:11.629,02:07:11.63,02:07:11.62,02:07:11.267","-03:57:10.93,-03:57:10.9,-03:57:10.91,-03:57:07.942"
"SN2006tg","2006/11/28","02:04:14.171,02:04:14.17,02:04:14.168","-04:40:18.67,-04:40:18.7,-04:40:18.70,-04:40:18.623"
"ESSENCE r185","2006/10/31","01:11:48.238","-00:29:49.579"
"SN2007ti","2007/10/08","02:10:09.84,02:10:09.837,02:10:09.836","-04:39:49.3,-04:39:49.28,-04:39:49.31,-04:39:49.342"
"SN2007ub","2007/11/07","02:07:24.14,02:07:24.136,02:07:24.132","-03:51:55.2,-03:51:55.19,-03:51:55.20,-03:51:55.226"
"SN2007uj","2007/11/15","02:33:19.03,02:33:19.034,02:33:19.036","-08:32:30.2,-08:32:30.19,-08:32:30.21,-08:32:30.217"
"SN2003jt","2003/10/24","02:31:54.60,02:31:54.608,02:31:54.595","-08:35:48.4,-08:35:48.43,-08:35:48.41,-08:35:48.49,-08:35:48.609"
"SN2003jy","2003/10/30","02:10:53.98,02:10:53.988,02:10:53.987","-04:25:49.8,-04:25:49.76,-04:25:49.80,-04:25:49.89,-04:25:49.436"
"ESSENCE x103","2007/10/08","01:10:48.009","+00:13:36.806"
"SN2006mb","2006/10/13","02:30:54.302,02:30:54.30,02:30:54.298","-08:57:42.06,-08:57:42.1,-08:57:42.08,-08:57:42.078"
"SN2007uf","2007/11/11","02:06:30.88,02:06:30.884,02:06:30.881","-04:09:55.0,-04:09:55.01,-04:09:55.03,-04:09:55.047"
"SN2007ui","2007/11/13","02:34:57.12,02:34:57.120,02:34:57.445","-08:04:00.2,-08:04:00.19,-08:04:00.20,-08:03:57.919"
"SN2003kn","2003/11/21","02:09:15.55,02:09:15.558,02:09:15.549","-03:35:41.4,-03:35:41.38,-03:35:41.39,-03:35:41.49,-03:35:41.010"
"SN2004fh","2004/10/09","23:28:27.20,23:28:27.197","-08:36:55.2,-08:36:55.17,-08:36:55.19,-08:36:55.071"
"SN2004hl","2004/12/07","01:13:38.17,01:13:38.174,23:26:46.120","-00:27:39.0,-00:27:39.03,-00:27:38.99,-00:27:39.045,-08:45:42.405"
"ESSENCE m057","2005/09/28","02:10:56.77,02:10:56.774","-04:27:29.9,-04:27:29.90,-04:27:29.962"
"SN2006sg","2006/11/14","02:08:13.041,02:08:13.04","-03:46:21.93,-03:46:21.9,-03:46:21.90,-03:46:21.937"
"SN2003jn","2003/10/22","02:29:21.21,02:29:21.218,02:29:21.199","-09:02:15.6,-09:02:15.57,+09:02:15.61,+09:02:15.69,-09:02:15.490"
"SN2003ko","2003/11/21","02:11:06.48,02:11:06.488,02:11:06.495","-03:47:56.1,-03:47:56.09,-03:47:56.11,-03:47:56.19,-03:47:55.899"
"SN2003kr","2003/11/21","02:31:20.96,02:31:20.968,02:31:20.960","-08:36:14.2,-08:36:14.16,-08:36:14.18,-08:36:14.29,-08:36:14.195"
"SN2003ks","2003/11/21","02:31:34.54,02:31:34.548,02:31:34.528","-08:36:46.4,-08:36:46.41,-08:36:46.40,-08:36:46.49,-08:36:46.462"
"SN2006lx","2006/09/16","02:30:10.384,02:30:10.38,02:30:10.389","-08:06:54.03,-08:06:54.0,-08:06:54.00,-08:06:54.094"
"SN2006sc","2006/11/12","02:10:10.227,02:10:10.23,02:10:10.22,02:10:10.226","-04:44:12.52,-04:44:12.5,-04:44:12.545"
"SN2007tg","2007/10/06","02:06:10.51,02:06:10.506,02:06:10.505","-04:42:23.2,-04:42:23.18,-04:42:23.19,-04:42:23.286"
"ESSENCE n263","2004/11/18","02:05:14.95,02:05:14.946","-04:56:39.1,-04:56:39.08,-04:56:39.087"
"SN2003jq","2003/10/22","23:30:51.19,23:30:51.198,23:30:51.191","-09:28:34.0,-09:28:33.95,-09:28:34.00,-09:28:34.09,-09:28:34.044"
"SN2003kp","2003/11/21","02:31:02.64,02:31:02.648,02:31:02.652","-08:39:50.8,-08:39:50.81,-08:39:50.80,-08:39:50.89,-08:39:50.909"
"ESSENCE m022","2005/09/26","23:30:02.70,23:30:02.706","-08:33:36.6,-08:33:36.57,-08:33:36.539"
"ESSENCE m193","2005/09/30","02:28:52.20,02:28:52.199","-07:42:09.8,-07:42:09.78,-07:42:09.763"
"SN2006sm","2006/11/14","02:33:29.487,02:33:29.49,02:33:29.48","-08:30:11.94,-08:30:11.9,-08:30:11.92,-08:30:11.879"
"SN2007uc","2007/11/07","02:10:15.53,02:10:15.531,02:10:15.529","-04:04:06.5,-04:04:06.49,-04:04:06.465"
"SN2007uk","2007/12/01","01:10:55.00,01:10:55.004,01:10:55.006","-00:22:53.2,-00:22:53.18,-00:22:53.24,-00:22:53.197"
"SN2007un","2007/12/03","01:14:22.73,01:14:22.74,01:14:22.735,01:14:22.736","+01:07:45.6,+01:07:45.59,+01:07:45.64,+01:07:45.632"
"2MASS J23244229-0829087","2004/12/09","23:24:42.29,23:24:42.28,23:24:42.288","-08:29:08.7,-08:29:07.82,-08:29:08.021"
"ESSENCE m032","2005/09/25","23:29:35.34,23:29:35.343","-09:58:46.3,-09:58:46.33,-09:58:46.304"
"ESSENCE m039","2005/09/26","02:28:04.63,02:28:04.636","-07:42:44.3,-07:42:44.29,-07:42:44.373"
"ESSENCE q018","2006/09/16","02:31:39.017","-08:18:05.170"
"ESSENCE q021","2006/09/16","02:33:43.919","-08:05:50.050"
"SN2006sl","2006/11/14","02:32:15.952,02:32:15.95","-08:48:34.31,-08:48:34.3,-08:48:34.335"
"SN2007th","2007/10/06","02:10:57.57,02:10:57.574,02:10:57.582","-05:00:24.9,-05:00:24.91,-05:00:24.86,-05:00:24.789"
"SN2007um","2007/12/03","01:12:29.21,01:12:29.208,01:12:29.210","+00:17:01.2,+00:17:01.21,+00:17:01.22,+00:17:01.211"
"SN2007uo","2007/12/03","01:15:11.99,01:15:11.994,01:14:43.186","-00:02:08.4,-00:02:08.41,-00:02:08.37,+00:54:27.657"
"SN2007uu","2007/12/09","01:14:01.02,01:14:01.018,01:14:01.011","+00:53:47.5,+00:53:47.51,+00:53:47.53,+00:53:47.598"
"SN2003kq","2003/11/21","02:31:04.09,02:31:04.098,02:31:04.089","-08:10:56.6,-08:10:56.64,-08:10:56.60,-08:10:56.69,-08:10:56.603"
"SN2004hh","2004/11/20","02:06:25.01,02:06:25.02,02:06:25.028","-04:38:04.0,-04:38:04.09,-04:38:03.98,-04:38:04.035"
"SN2007tb","2007/10/04","01:14:41.25,01:14:41.246,01:14:41.252","+00:46:51.8,+00:46:51.82,+00:46:51.84,+00:46:51.824"
"SN2007tz","2007/11/05","02:30:07.15,02:30:07.146,02:30:07.153","-08:43:09.3,-08:43:09.30,-08:43:09.31,-08:43:09.354"
"SN2007ul","2007/12/01","02:07:16.53,02:07:16.54,02:07:16.535,02:07:16.534","-04:42:23.2,-04:42:23.18,-04:42:23.22,-04:42:23.201"
"SN2007ur","2007/12/07","02:08:41.59,02:08:41.589,02:08:41.591","-03:34:10.5,-03:34:10.60,-03:34:10.55,-03:34:10.527"
"SN2002iz","2002/11/05","02:31:20.73,02:31:20.745","-08:36:13.1,-08:36:13.12,-08:36:13.10,-08:36:13.414"
"SN2003ju","2003/10/24","23:27:01.71,23:27:01.718,23:27:01.704","-09:24:04.5,-09:24:04.49,-09:24:04.50,-09:24:04.59,-09:24:04.573"
"SN2003jw","2003/10/28","02:31:06.84,02:31:06.848,02:31:06.836","-08:45:36.5,-08:45:36.51,-08:45:36.50,-08:45:36.59,-08:45:36.535"
"SN2003kv","2003/11/27","02:09:42.52,02:09:42.528,02:09:42.519","-03:46:48.6,-03:46:48.58,-03:46:48.61,-03:46:48.69,-03:46:48.442"
"SN2004hj","2004/11/20","02:29:41.93,02:29:41.94,02:29:41.943","-08:43:49.4,-08:43:49.42,-08:43:49.40,-08:43:49.480"
"ESSENCE x039","2007/09/17","02:29:18.063","-07:39:01.433"
"SN2006me","2006/10/15","01:14:47.192,01:14:47.19,01:14:47.189","+00:10:13.32,+00:10:13.3,+00:10:13.30,+00:10:13.284"
"SN2006mg","2006/10/15","02:31:37.748,02:31:37.75,02:31:37.750","-08:06:40.16,-08:06:40.2,-08:06:40.21,-08:06:40.098"
"SN2006ty","2006/12/21","01:10:45.362,01:10:45.36,01:10:45.361","+00:34:04.46,+00:34:04.5,+00:34:04.51,+00:34:04.408"
"SN2007uq","2007/12/07","02:04:21.31,02:04:21.312,02:04:21.320","-03:54:10.9,-03:54:10.91,-03:54:10.960"
"SN2007ut","2007/12/07","02:30:23.64,02:30:23.638,02:30:23.642","-09:12:20.0,-09:12:20.02,-09:12:20.022"
"SN2007uv","2007/12/12","01:14:43.18,01:14:43.185,01:15:11.994","+00:54:27.7,+00:54:27.68,+00:54:27.71,-00:02:08.387"
"SN2003jj","2003/10/22","01:07:58.52,01:07:58.528,01:07:58.519","+00:03:01.9,+00:03:01.89,+00:03:01.91,+00:03:01.99,+00:03:01.918"
"SN2003jv","2003/10/24","23:27:58.22,23:27:58.228,23:27:58.197","-08:57:11.8,-08:57:11.82,-08:57:11.81,-08:57:11.89,-08:57:11.687"
"SN2003kk","2003/11/15","23:25:36.06,23:25:36.068,23:25:36.054","-09:31:44.7,-09:31:44.70,-09:31:44.69,-09:31:44.79,-09:31:44.807"
"SN2004fo","2004/10/13","01:13:28.97,01:13:28.975","+00:35:16.3,+00:35:16.26,+00:35:16.30,+00:35:16.179"
"ESSENCE m043","2005/09/26","23:29:51.73,23:29:51.729","-08:56:46.1,-08:56:46.07,-08:56:46.084"
"ESSENCE s354","2006/11/26","02:06:10.482","-05:05:23.000"
"SN2006mc","2006/10/13","02:32:02.605,02:32:02.60,02:32:02.611","-09:07:21.15,-09:07:21.1,-09:07:21.22,-09:07:21.181"
"SN2006mk","2006/10/19","02:30:16.913,02:30:16.91,02:30:16.911","-08:40:47.30,-08:40:47.3,-08:40:47.32,-08:40:47.345"
"SN2006ts","2006/12/19","02:10:18.686,02:10:18.69,02:10:18.687","-03:32:26.32,-03:32:26.3,-03:32:26.30,-03:32:26.335"
"SN2007tf","2007/10/06","01:09:59.35,01:09:59.350,01:09:59.349","-00:01:06.9,-00:01:07.00,-00:01:06.95,-00:01:06.947"
"SN2007tv","2007/11/05","02:05:13.33,02:05:13.329,02:05:13.326","-05:01:42.5,-05:01:42.49,-05:01:42.46,-05:01:42.415"
"ESSENCE g133","2004/09/18","02:09:49.63,02:09:49.626","-04:10:55.1,-04:10:55.07,-04:10:55.064"
"SN2003kt","2003/11/21","02:33:47.01,02:33:47.018,02:33:46.992","-08:36:22.1,-08:36:22.09,-08:36:22.10,-08:36:22.19,-08:36:22.141"
"SN2003le","2003/12/13","01:08:08.73,01:08:08.738,01:08:08.739","+00:27:09.7,+00:27:09.74,+00:27:09.68,+00:27:09.79,+00:27:09.580"
"SN2004fi","2004/10/09","23:29:45.27,23:29:45.35,23:29:45.348","-08:54:36.1,-08:54:36.34,-08:54:36.3,-08:54:36.29,-08:54:36.347"
"SN2004hi","2004/11/20","02:08:38.82,02:08:38.84,02:08:38.835","-05:08:11.7,-05:08:11.79,-05:08:11.69,-05:08:11.825"
"ESSENCE n258","2005/11/22","02:06:42.35,02:06:42.346","-04:22:37.0,-04:22:37.01,-04:22:36.982"
"ESSENCE q022","2006/09/14","01:12:03.875","-00:01:29.045"
"SN2006to","2006/12/17","02:07:34.386,02:07:34.39,02:07:34.387","-04:00:04.22,-04:00:04.2,-04:00:04.21,-04:00:04.177"
"SN2007tm","2007/10/10","02:06:04.73,02:06:04.74,02:06:04.735,02:06:04.748","-03:32:29.3,-03:32:29.29,-03:32:29.33,-03:32:29.261"
"SN2007ty","2007/11/05","02:28:34.38,02:28:34.378,02:28:34.381","-08:23:49.5,-08:23:49.49,-08:23:49.53,-08:23:49.491"
"ESSENCE g230","2003/12/23","01:11:56.31,01:11:56.314","+00:07:27.7,+00:07:27.71,+00:07:27.441"
"SN2003jl","2003/10/22","02:28:28.56,02:28:28.568","-08:08:44.7,-08:08:44.74,-08:08:44.70,-08:08:44.79,-08:08:44.932"
"SN2003ln","2003/12/15","23:30:27.15,23:30:27.158,23:30:27.131","-08:35:47.0,-08:35:46.98,-08:35:47.00,-08:35:47.09,-08:35:46.927"
"SN2004hq","2004/12/09","02:30:18.04,02:30:18.037","-08:22:25.0,-08:22:25.01,-08:22:25.00,-08:22:25.045"
"ESSENCE p454","2005/11/24","02:08:32.45,02:08:32.461","-03:33:34.2,-03:33:34.20,-03:33:34.241"
"SN2006ml","2006/10/21","01:08:43.980,01:08:43.98,01:08:43.977","-00:31:36.62,-00:31:36.6,-00:31:36.59,-00:31:36.593"
"SN2006sf","2006/11/14","02:08:11.654,02:08:11.65,02:08:11.658","-03:51:40.19,-03:51:40.2,-03:51:40.10,-03:51:40.230"
"SN2006si","2006/11/14","02:09:51.327,02:09:51.33,02:09:51.32,02:09:51.320","-03:43:32.48,-03:43:32.5,-03:43:32.41,-03:43:32.520"
"SN2006sn","2006/11/16","02:06:18.250,02:06:18.25,02:06:18.251","-04:51:33.12,-04:51:33.1,-04:51:33.08,-04:51:33.148"
"SN2006tm","2006/12/15","01:09:17.296,01:09:17.30,01:09:17.297","+00:09:11.31,+00:09:11.3,+00:09:11.30,+00:09:11.389"
"SN2007to","2007/10/10","02:29:42.06,02:29:42.060,02:29:42.061","-09:02:05.2,-09:02:05.21,-09:02:05.24,-09:02:05.252"
"ESSENCE g097","2004/10/05","23:27:37.16,23:27:37.164","-09:35:21.0,-09:35:20.96,-09:35:21.041"
"ESSENCE k467","2004/11/16","02:31:11.80,02:31:11.801","-07:47:34.1,-07:47:34.13,-07:47:34.124"
"ESSENCE n404","2004/12/07","02:31:31.43,02:31:31.433","-08:55:11.5,-08:55:11.52,-08:55:11.512"
"SN2002jb","2002/11/09","23:29:44.14,23:29:44.149","-09:36:34.3,-09:36:34.25,-09:36:34.31,-09:36:34.508"
"SN2004fk","2004/10/11","01:13:35.84,01:13:35.842","-00:09:27.6,-00:09:27.56,-00:09:27.61,-00:09:27.500"
"SN2004fs","2004/10/15","02:31:19.95,02:31:19.943","-08:49:21.7,-08:49:21.67,-08:49:21.68,-08:49:21.751"
"SN2004ha","2004/11/06","02:04:27.00,02:04:27.01,02:04:27.005","-04:52:46.0,-04:52:46.03,-04:52:45.98,-04:52:46.192"
"ESSENCE p455","2005/11/30","02:11:00.02,02:11:00.014","-04:09:37.6,-04:09:37.59,-04:09:37.601"
"SN2006tk","2006/12/15","01:07:52.642,01:07:52.64,01:07:52.640","+00:27:55.30,+00:27:55.3,+00:27:55.293"
"SN2006tn","2006/12/17","02:05:36.025,02:05:36.02,02:05:36.019","-05:08:46.28,-05:08:46.3,-05:08:46.272"
"SN2006tu","2006/12/19","02:29:56.537,02:29:56.54,02:29:56.534","-07:59:50.79,-07:59:50.8,-07:59:50.78,-07:59:50.850"
"SN2006tw","2006/12/21","01:08:54.227,01:08:54.23","+00:17:56.50,+00:17:56.5,+00:17:56.51,+00:17:56.510"
"SN2007ug","2007/11/11","02:09:36.85,02:09:36.850,02:09:36.845","-04:51:52.2,-04:51:52.20,-04:51:52.24,-04:51:52.280"
"ESSENCE f123","2003/11/27","02:09:57.282","-03:32:26.609"
"ESSENCE g142","2004/10/07","23:28:37.70,23:28:37.713","-08:45:04.0,-08:45:04.01,-08:45:03.948"
"ESSENCE g225","2004/10/13","23:27:15.69,23:27:15.685","-09:27:59.8,-09:27:59.76,-09:27:59.728"
"SN2002iy","2002/11/05","02:30:40.00,02:30:40.022","-08:11:40.5,-08:11:40.50,-08:11:40.49,-08:11:40.469"
"SN2003jo","2003/10/22","23:25:24.03,23:25:24.038,23:25:24.047","-09:26:00.6,-09:26:00.63,-09:26:00.60,-09:26:00.69,-09:26:00.659"
"SN2003km","2003/11/19","02:30:09.00,02:30:01.00,02:30:09.008,02:30:09.001","-09:04:35.9,-09:04:35.89,-09:04:35.90,-09:04:35.99,-09:04:35.621"
"SN2004hd","2004/11/14","02:08:48.21,02:08:48.217","-04:26:10.4,-04:26:10.42,-04:26:10.39,-04:26:10.319"
"SN2004he","2004/11/14","02:29:48.79,02:29:48.797","-08:20:45.9,-08:20:45.94,-08:20:45.89,-08:20:45.875"
"ESSENCE n256","2005/11/08","02:28:09.01,02:28:09.012","-07:47:49.6,-07:47:49.56,-07:47:49.616"
"SN2006tj","2006/12/13","01:09:23.282,01:09:23.28,01:09:23.284","+00:42:42.26,+00:42:42.3,+00:42:42.30,+00:42:42.313"
"SN2007tl","2007/10/10","01:11:04.91,01:11:04.910,01:11:04.912","-00:15:43.3,-00:15:43.31,-00:15:43.33,-00:15:43.364"
"SN2007ua","2007/11/07","01:10:31.939,01:10:31.944,01:10:31.95,01:10:31.96,01:10:31.955","+00:35:49.58,+00:35:49.578,+00:35:49.4,+00:35:49.42,+00:35:49.45,+00:35:49.434"
"ESSENCE k490","2004/12/05","02:30:24.32,02:30:24.320","-07:53:21.0,-07:53:20.95,-07:53:20.935"
"SN2003lh","2003/12/13","02:10:19.51,02:10:19.518,02:10:19.505","-04:59:32.3,-04:59:32.30,-04:59:32.32,-04:59:32.39,-04:59:32.063"
"SN2004fm","2004/10/11","23:26:58.14,23:26:58.138","-09:37:19.4,-09:37:19.45,-09:37:19.42,-09:37:19.346"
"ESSENCE m027","2005/09/26","01:09:15.01,01:09:15.013","+00:08:14.8,+00:08:14.80,+00:08:14.797"
"ESSENCE n278","2005/11/24","23:28:17.55,23:28:17.550","-09:23:12.4,-09:23:12.38,-09:23:12.360"
"ESSENCE n406","2005/11/22","02:31:19.60,02:31:19.601","-08:45:09.8,-08:45:09.76,-08:45:09.787"
"ESSENCE s380","2006/12/13","02:09:00.048","-05:07:41.787"
"SN2006ma","2006/10/13","01:15:11.653,01:15:11.65,01:15:11.657","-00:28:03.12,-00:28:03.1,-00:28:03.11,-00:28:03.151"
"SN2006mj","2006/10/19","02:09:03.038,02:09:03.04,02:09:03.042","-03:28:27.77,-03:28:27.8,-03:28:27.80,-03:28:27.832"
"SN2006se","2006/11/14","01:14:48.054,01:14:48.05,01:14:48.050","+00:06:39.39,+00:06:39.4,+00:06:39.31,+00:06:39.370"
"SN2006tl","2006/12/15","01:09:17.279,01:09:17.28,01:09:17.282","-00:40:27.97,-00:40:28.0,-00:40:27.98,-00:40:27.967"
"SN2006tr","2006/12/17","02:28:29.535,02:28:29.54,02:28:29.532","-07:53:28.51,-07:53:28.5,-07:53:28.50,-07:53:28.493"
"ESSENCE m087","2004/12/15","02:33:37.004","-08:27:32.462"
"SN2002ja","2002/11/09","23:30:09.67,23:30:09.66,23:30:09.685","-09:35:01.8,-09:35:01.75,-09:35:01.79,-09:35:01.809"
"SN2003li","2003/12/13","02:27:47.29,02:27:47.298,02:27:47.294","-07:33:46.2,-07:33:46.16,-07:33:46.19,-07:33:46.29,-07:33:46.220"
"SN2003lj","2003/12/15","01:12:10.03,01:12:10.038,01:12:10.034","+00:19:51.3,+00:19:51.29,+00:19:51.31,+00:19:51.39,+00:19:51.267"
"SN2004hm","2004/12/07","02:28:03.11,02:28:03.12,02:28:03.110","-07:42:29.7,-07:42:29.70,-07:42:29.656"
"SN2004hs","2004/12/13","02:09:33.69,02:09:33.689","-04:13:04.0,-04:13:03.93,-04:13:04.01,-04:13:03.931"
"ESSENCE m070","2005/09/28","02:33:46.821","-08:08:26.888"
"ESSENCE m158","2005/10/06","23:24:03.53,23:24:03.540","-09:23:18.2,-09:23:18.24,-09:23:18.267"
"ESSENCE p524","2005/11/28","02:30:10.16,02:30:10.156","-08:52:50.8,-08:52:50.84,-08:52:50.856"
"SN2006mm","2006/10/21","01:08:48.661,01:08:48.66,01:08:48.662","+00:17:22.36,+00:17:22.4,+00:17:22.42,+00:17:22.315"
"SN2006tt","2006/12/19","02:10:47.926,02:10:47.93,02:10:47.935","-04:24:56.92,-04:24:56.9,-04:24:56.99,-04:24:56.952"
"SN2007uh","2007/11/13","02:06:05.20,02:06:05.198,02:06:05.200","-04:01:37.5,-04:01:37.49,-04:01:37.51,-04:01:37.458"
"SN2007us","2007/12/07","02:27:54.87,02:27:54.866,02:27:54.863","-08:00:55.2,-08:00:55.19,-08:00:55.24,-08:00:55.479"
"ESSENCE g240","2004/10/09","23:30:41.83,23:30:41.823","-08:34:11.0,-08:34:10.98,-08:34:10.893"
"ESSENCE h300","2004/10/19","02:31:40.67,02:31:40.680","-08:49:03.3,-08:49:03.35,-08:49:03.377"
"ESSENCE k411","2004/11/12","23:26:11.77,23:26:11.781","-08:50:17.5,-08:50:17.50,-08:50:17.355"
"ESSENCE p425","2003/11/23","23:29:56.19,23:29:56.189","-08:34:24.3,-08:34:24.34,-08:34:24.400"
"SN2002jw","2002/12/06","02:30:00.52,02:30:00.539","-08:36:22.4,-08:36:22.41,-08:36:22.39,-08:36:22.561"
"SN2003jm","2003/10/22","02:28:50.93,02:28:50.938,02:28:50.940","-09:09:58.1,-09:09:58.14,-09:09:58.10,-09:09:58.19,-09:09:58.077"
"SN2004hc","2004/11/12","23:24:32.67,23:24:32.664","-08:41:03.5,-08:41:03.55,-08:41:03.52,-08:41:03.574"
"SN2004hk","2004/12/05","23:27:04.38,23:27:04.39,23:27:04.384","-08:38:45.1,-08:38:45.11,-08:38:45.10,-08:38:45.178"
"ESSENCE n326","2005/11/24","23:29:58.59,23:29:58.590","-08:53:12.5,-08:53:12.45,-08:53:12.468"
"ESSENCE p444","2005/11/24","02:06:36.165","-03:41:33.614"
"ESSENCE p459","2005/11/24","02:10:20.082","-04:33:13.440"
"ESSENCE p528","2005/11/30","02:07:04.66,02:07:04.661","-03:28:04.4,-03:28:04.37,-03:28:04.268"
"ESSENCE q002","2006/09/16","02:05:12.945","-03:39:00.723"
"SN2007tc","2007/10/04","01:14:46.89,01:14:46.90,01:14:46.898,01:14:46.894","+00:17:06.6,+00:17:06.61,+00:17:06.62,+00:17:06.778"
"SN2003ll","2003/12/15","02:35:41.19,02:35:41.198,02:35:41.190","-08:06:29.6,-08:06:29.55,-08:06:29.59,-08:06:29.69,-08:06:29.788"
"SN2004hr","2004/12/11","01:08:48.33,01:08:48.34,01:08:48.336","+00:00:49.5,+00:00:49.49,+00:00:49.50,+00:00:49.449"
"ESSENCE n246","2005/11/22","01:14:33.08,01:14:33.074","-00:26:23.2,-00:26:23.18,-00:26:23.184"
"ESSENCE q006","2006/09/16","02:10:52.276","-03:57:39.374"
"ESSENCE r317","2006/11/14","01:13:24.658","+00:51:27.757"
"ESSENCE s372","2006/12/13","02:08:24.257","-03:27:32.636"
"SN2006tv","2006/12/19","02:35:34.225,02:35:34.22","-08:34:22.03,-08:34:22.0,-08:34:22.01,-08:34:22.069"
"SN2002jc","2002/11/09","02:07:27.28,02:07:27.285","-03:50:20.7,-03:50:20.73,-03:50:20.69,-03:50:20.744"
"SN2004fl","2004/10/11","23:26:57.92,23:26:57.910","-09:37:19.1,-09:37:19.11,-09:37:19.09,-09:37:18.984"
"SN2004fn","2004/10/11","23:30:20.12,23:30:20.114","-09:58:30.7,-09:58:30.67,-09:58:30.68,-09:58:30.698"
"ESSENCE n285","2005/11/08","23:23:51.35,23:23:51.357","-08:23:18.5,-08:23:18.47,-08:23:18.503"
"ESSENCE p429","2005/11/24","23:26:02.216","-08:35:47.978"
"ESSENCE p445","2005/11/24","01:13:14.547","+00:48:47.659"
"ESSENCE p520","2005/12/04","02:08:09.34,02:08:09.339","-03:48:05.0,-03:48:05.05,-03:48:04.967"
"ESSENCE x093","2007/10/08","02:29:43.134","-09:06:54.931"
"SN2006mi","2006/10/19","02:05:55.040,02:05:55.04","-04:00:53.24,-04:00:53.2,-04:00:53.21,-04:00:53.216"
"SN2006sd","2006/11/14","01:14:24.155,01:14:24.15,01:14:24.151","+01:02:39.45,+01:02:39.4,+01:02:39.41,+01:02:39.488"
"SN2006sj","2006/11/14","02:10:22.418,02:10:22.42,02:10:22.41,02:10:22.419","-03:33:09.32,-03:33:09.3,-03:33:09.29,-03:33:09.269"
"SN2006tp","2006/12/17","02:09:14.042,02:09:14.04,02:09:14.040","-04:37:12.18,-04:37:12.2,-04:37:12.22,-04:37:11.970"
"PS15rk","2015/03/21","13:36:49.00","-05:05:00.8"
"ESSENCE f301","2003/12/13","02:27:26.51,02:27:26.513","-08:42:24.9,-08:42:24.88,-08:42:24.782"
"ESSENCE f308","2003/12/13","02:29:22.39,02:29:22.391","-08:37:38.4,-08:37:38.38,-08:37:38.480"
"SN2004hn","2004/12/09","01:13:32.38,01:13:32.39,01:13:32.382","+00:37:15.3,+00:37:15.38,+00:37:15.31,+00:37:15.455"
"ESSENCE n322","2005/11/22","02:29:00.48,02:29:00.487","-09:02:53.0,-09:02:52.96,-09:02:52.992"
"ESSENCE n400","2005/11/22","01:13:13.26,01:13:13.258","-00:23:25.9,-00:23:25.86,-00:23:25.853"
"PS15cdb","2015/09/23","00:51:46.08","-00:36:38.2"
"ESSENCE m034","2005/09/26","02:27:50.33,02:27:50.324","-07:59:11.6,-07:59:11.62,-07:59:11.705"
"ESSENCE p434","2005/11/24","01:12:40.25,01:12:40.253","+00:14:56.6,+00:14:56.61,+00:14:56.591"
"SN2006sa","2006/11/12","02:05:14.99,02:05:14.95,02:05:14.94,02:05:14.930,02:05:14.947,02:05:14.944,02:05:14.93","-04:48:53.5,-04:48:51.7,-04:48:51.70,-04:48:51.72,-04:48:51.685"
"ESSENCE m138","2005/10/06","01:08:56.35,01:08:56.340","+00:39:25.4,+00:39:25.38,+00:39:25.350"
"ESSENCE m226","2005/01/11","02:06:03.69,02:06:03.688","-04:39:59.1,-04:39:59.12,-04:39:59.080"
"ESSENCE p534","2005/12/24","02:04:56.09,02:04:56.094","-03:49:03.7,-03:49:03.67,-03:49:03.645"
"SN2007te","2007/10/04","02:09:29.40,02:09:29.404,02:09:29.402","-03:35:35.0,-03:35:35.02,-03:35:35.01,-03:35:35.054"
"SN2002jr","2002/11/09","02:04:41.03,02:04:41.039","-05:09:40.7,-05:09:40.73,-05:09:40.72,-05:09:40.727"
"ESSENCE m040","2005/09/26","02:27:30.201","-07:41:49.985"
"ESSENCE p527","2005/12/24","02:08:10.47,02:08:10.469","-03:32:17.7,-03:32:17.70,-03:32:17.637"
"SN2006sp","2006/11/24","01:10:55.170,01:10:55.17,01:10:55.171","-00:27:52.32,-00:27:52.3,-00:27:52.31,-00:27:52.289"
"SN2003lm","2003/12/15","23:24:25.51,23:24:25.518,23:24:25.501","-08:45:51.1,-08:45:51.11,-08:45:51.08,-08:45:51.19,-08:45:50.834"
"ESSENCE m026","2005/09/26","23:28:39.97,23:28:39.960","-09:19:50.0,-09:19:50.00,-09:19:49.986"
"PS15cnd","2015/10/19","22:03:27.89","+14:10:58.5"
"PS15bbr","2015/06/30","21:26:50.88","+11:13:27.5"
"SN2002iu","2002/10/30","00:13:33.10,00:13:33.100","-10:13:09.9,-10:13:09.92,-10:13:09.91,-10:13:09.920"
"SN2002iv","2002/10/30","02:19:16.11,02:19:16.110","-07:44:06.7,-07:44:06.72,-07:44:06.68,-07:44:06.720"
"SN2002iw","2002/11/01","23:43:07.25,23:43:07.250","-09:48:05.2,-09:48:05.18,-09:48:05.200"
"SN2002ix","2002/11/01","23:31:00.85,23:31:00.863","-09:29:07.2,-09:29:07.19,-09:29:07.205"
"SN2002jd","2002/11/11","00:28:38.40,00:28:38.39,00:28:38.390","+00:40:29.3,+00:40:29.29,+00:40:29.32,+00:40:29.290"
"SN2002jq","2002/11/05","23:35:57.96,23:35:57.960","-10:05:56.8,-10:05:56.88,-10:05:56.80,-10:05:56.880"
"SN2002js","2002/11/09","02:20:35.39,02:20:35.390","-09:34:43.9,-09:34:43.90,-09:34:43.900"
"SN2002jt","2002/11/28","00:13:36.70,00:13:36.700","-10:08:24.0,-10:08:24.00,-10:08:24.000"
"SN2002ju","2002/12/02","02:20:11.00,02:20:11.000","-09:04:37.5,-09:04:37.50,-09:04:37.49,-09:04:37.500"
"SN2002jv","2002/12/06","02:04:34.82,02:04:34.815","-03:51:57.9,-03:51:57.89,-03:51:57.919"
"SN2002jx","2002/12/06","00:26:54.13,00:26:54.136","+00:22:49.7,+00:22:49.69,+00:22:49.750"
"SN2003jk","2003/10/22","01:08:06.17,01:08:06.178,01:08:06.169","+00:02:20.6,+00:02:20.62,+00:02:20.69,+00:02:20.636"
"SN2003jp","2003/10/22","23:26:03.28,23:26:03.288,23:26:03.281","-08:59:22.7,-08:59:22.70,-08:59:22.79,-08:59:22.829"
"SN2003jr","2003/10/24","01:11:06.23,01:11:06.238,01:11:06.232","+00:13:44.2,+00:13:44.21,+00:13:44.18,+00:13:44.29,+00:13:44.210"
"SN2003jx","2003/10/30","02:06:33.40,02:06:33.408,02:06:33.398","-03:48:39.6,-03:48:39.60,-03:48:39.69,-03:48:39.117"
"SN2003kj","2003/11/15","01:14:36.56,01:14:36.568,01:14:36.556","-00:23:58.2,-00:23:58.20,-00:23:58.29,+00:23:58.180"
"SN2003kl","2003/11/17","01:09:48.80,01:09:48.808,01:09:48.798","+01:00:05.6,+01:00:05.58,+01:00:05.62,+01:00:05.69,+01:00:05.496"
"SN2003ku","2003/11/23","01:08:36.25,01:08:36.258,01:08:36.253","-00:33:20.8,-00:33:20.78,-00:33:20.81,-00:33:20.89,-00:33:20.780"
"SN2003lf","2003/12/13","01:08:49.81,01:08:49.818,01:08:49.807","-00:44:13.5,-00:44:13.49,-00:44:13.59,-00:44:13.490"
"SN2003lg","2003/12/13","01:13:32.68,01:13:32.688,01:13:32.675","-00:36:57.3,-00:36:57.31,-00:36:57.39,+00:36:57.310"
"SN2003lk","2003/12/15","02:11:12.82,02:11:12.828,02:11:12.817","-04:13:52.1,-04:13:52.11,-04:13:52.10,-04:13:52.19,-04:13:52.110"
"SN2004fj","2004/10/11","01:09:51.07,01:09:51.075","+00:27:21.0,+00:27:20.95,+00:27:20.99,+00:27:20.934"
"SN2004fp","2004/10/13","02:29:53.01,02:29:53.012","-09:01:16.6,-09:01:16.61,-09:01:16.554"
"SN2004fq","2004/10/13","23:27:45.64,23:27:45.638","-08:31:12.8,-08:31:12.77,-08:31:12.79,-08:31:12.785"
"SN2004fr","2004/10/15","02:28:43.77,02:28:43.772","-08:54:24.0,-08:54:24.05,-08:54:24.01,-08:54:24.030"
"SN2004ft","2004/10/17","02:33:32.63,02:33:32.622","-08:09:34.1,-08:09:34.10,-08:09:34.09,-08:09:34.178"
"SN2004hb","2004/11/06","02:08:09.70,02:08:09.708","-04:41:51.8,-04:41:51.79,-04:41:51.880"
"SN2004hf","2004/11/16","02:32:00.14,02:32:00.143","-08:42:23.8,-08:42:23.89,-08:42:23.80,-08:42:23.852"
"SN2004hg","2004/11/16","02:34:55.19,02:34:55.193","-08:30:43.6,-08:30:43.64,-08:30:43.60,-08:30:43.591"
"SN2004ho","2004/12/09","02:06:16.03,02:06:16.041","-03:52:27.7,-03:52:27.70,-03:52:27.803"
"SN2004hp","2004/12/09","02:09:35.52,02:09:35.522","-03:46:23.5,-03:46:23.53,-03:46:23.48,-03:46:23.520"
"SN2006lz","2006/09/24","02:27:40.735,02:27:40.73,02:27:40.74,02:27:40.742","-08:10:08.23,-08:10:08.2,-08:10:08.18,-08:10:08.182"
"SN2006sh","2006/11/14","02:09:11.064,02:09:11.06","-03:44:42.01,-03:44:42.0,-03:44:42.00,-03:44:42.104"
"SN2006th","2006/11/28","23:29:00.967,23:29:00.97,23:29:00.954","-08:54:04.16,-08:54:04.2,-08:54:04.21,-08:54:04.953"
"SN2006ti","2006/11/28","23:29:13.128,23:29:13.13,23:29:13.133","-08:47:58.14,-08:47:58.1,-08:47:58.09,-08:47:57.762"
"SN2006tq","2006/12/17","02:10:00.698,02:10:00.70,02:10:00.697","-04:06:00.91,-04:06:00.9,-04:06:00.90,-04:06:00.903"
"SN2006tx","2006/12/21","01:10:26.783,01:10:26.78,01:10:26.793","-00:34:07.49,-00:34:07.5,-00:34:07.50,-00:34:07.640"
"SN2006tz","2006/12/21","02:10:27.034,02:10:27.03","-04:17:08.23,-04:17:08.2,-04:17:08.20,-04:17:08.159"
"SN2007sx","2007/10/02","01:10:09.25,01:10:09.248,01:10:09.249","-00:42:08.0,-00:42:07.99,-00:42:08.04,-00:42:08.035"
"SN2007sy","2007/10/02","01:15:25.99,01:15:25.990,01:15:25.989","+00:49:06.5,+00:49:06.49,+00:49:06.47,+00:49:06.597"
"SN2007sz","2007/10/02","02:07:00.23,02:07:00.226,02:07:00.230","-05:06:08.2,-05:06:08.21,-05:06:08.17,-05:06:08.212"
"SN2007td","2007/10/04","02:04:26.90,02:04:26.897,02:04:26.895","-03:44:18.9,-03:44:18.89,-03:44:18.88,-03:44:18.859"
"SN2007tn","2007/10/10","02:28:14.79,02:28:14.787,02:28:14.790","-08:36:32.2,-08:36:32.18,-08:36:32.22,-08:36:32.198"
"SN2007tu","2007/11/05","01:14:05.22,01:14:05.217,01:14:05.219","-00:36:25.6,-00:36:25.60,-00:36:25.629"
"SN2007tw","2007/11/05","02:05:32.97,02:05:32.96,02:05:32.967,02:05:32.964","-05:02:46.6,-05:02:46.61,-05:02:46.64,-05:02:46.626"
"SN2007tx","2007/11/05","02:28:33.31,02:28:33.313,02:28:33.314","-08:35:25.7,-08:35:25.69,-08:35:25.70,-08:35:25.690"
"SN2007ue","2007/11/11","01:09:09.84,01:09:09.844,01:09:09.843","-00:14:01.1,-00:14:01.10,-00:14:01.11,-00:14:01.124"
"SN2007up","2007/12/03","02:09:56.07,02:09:56.074,02:09:56.068","-04:28:57.4,-04:28:57.40,-04:28:57.42,-04:28:57.352"
"SN2014eg","2014/11/16","02:45:09.27","-55:44:16.9,-55:44:16.91"
"iPTF15ess","2015","",""
"2MASS J02051081-0447150","","02:05:10.81,02:05:10.83,02:05:10.823","-04:47:15.1,-04:47:13.94,-04:47:13.982"
"ESSENCE b001","","23:36:07.860","-10:02:26.660"
"ESSENCE b025","","23:24:11.150","-09:13:20.120"
"ESSENCE c002","","01:10:05.029","+00:16:31.437"
"ESSENCE c020","","02:20:32.124","-07:36:02.690"
"ESSENCE c022","","02:21:06.336","-09:06:51.820"
"ESSENCE c023","","00:28:03.16,00:28:03.160","+00:37:50.4,+00:37:50.43,+00:37:50.430"
"ESSENCE d009","","23:25:55.900","-08:56:41.300"
"ESSENCE d091","","02:09:35.211","-03:56:17.327"
"ESSENCE d115","","01:09:45.163","+00:02:02.740"
"ESSENCE e103","","01:09:32.340","+00:36:43.930"
"ESSENCE e106","","01:09:45.163","+00:02:02.740"
"ESSENCE e141","","02:32:30.272","-09:05:53.662"
"ESSENCE e143","","02:33:11.715","-09:03:32.183"
"ESSENCE e418","","02:07:30.851","-03:30:49.497"
"ESSENCE e501","","23:29:20.159","-08:54:27.836"
"ESSENCE e510","","23:30:59.971","-08:37:34.344"
"ESSENCE e528","","02:07:37.767","-04:27:06.738"
"ESSENCE e529","","02:06:42.954","-04:26:31.293"
"ESSENCE f044","","01:11:20.561","+00:04:10.020"
"ESSENCE f213","","01:14:50.770","+00:14:35.919"
"ESSENCE f304","","02:28:23.108","-08:34:22.780"
"ESSENCE f441","","01:08:58.453","+00:22:15.570"
"ESSENCE g004","","01:15:06.214","+00:23:38.571"
"ESSENCE g128","","23:26:43.669","-08:37:31.458"
"ESSENCE g181","","02:28:35.984","-09:13:43.261"
"ESSENCE g185","","23:26:56.854","-08:55:12.970"
"ESSENCE g204","","02:08:26.690","-03:44:44.620"
"ESSENCE g219","","01:10:27.165","-00:39:11.615"
"ESSENCE h280","","01:09:28.330","-00:01:22.880"
"ESSENCE h293","","02:05:11.580","-05:09:04.692"
"ESSENCE h361","","02:11:14.030","-04:53:40.148"
"ESSENCE k397","","02:09:31.278","-03:34:21.189"
"ESSENCE k402","","01:12:54.197","+00:11:25.151"
"ESSENCE k440","","01:14:18.151","+00:29:02.397"
"ESSENCE k442","","02:06:19.076","-03:58:01.372"
"ESSENCE k459","","02:10:28.886","-05:07:11.337"
"ESSENCE m003","","02:05:27.31,02:05:27.303","-04:42:54.1,-04:42:54.05,-04:42:53.777"
"ESSENCE m006","","02:30:27.27,02:30:27.266","-09:16:10.2,-09:16:10.23,-09:16:10.189"
"ESSENCE m010","","02:31:46.24,02:31:46.238","-09:16:25.7,-09:16:25.65,-09:16:25.667"
"ESSENCE m011","","02:08:06.23,02:08:06.229","-04:03:51.2,-04:03:51.16,-04:03:51.137"
"ESSENCE m014","","02:07:12.91,02:07:12.911","-04:26:40.1,-04:26:40.06,-04:26:40.049"
"ESSENCE m041","","02:09:49.78,02:09:49.784","-04:45:10.7,-04:45:10.65,-04:45:10.513"
"ESSENCE m082","","02:07:13.757","-03:49:12.890"
"ESSENCE m139","","23:23:57.83,23:23:57.823","-08:27:08.3,-08:27:08.33,-08:27:08.205"
"ESSENCE m142","","01:15:17.691","+00:47:17.513"
"ESSENCE n244","","02:28:11.797","-07:36:29.340"
"ESSENCE n271","","01:13:06.51,01:13:06.506","+00:30:04.9,+00:30:04.86,+00:30:04.835"
"ESSENCE n346","","23:28:58.301","-08:46:52.839"
"ESSENCE n368","","23:30:32.01,23:30:32.013","-10:03:22.1,-10:03:22.14,-10:03:22.140"
"ESSENCE p458","","23:25:30.268","-08:52:04.940"
"ESSENCE p535","","02:08:28.123","-04:16:34.893"
"ESSENCE q060","","01:14:48.945","+00:44:47.120"
"ESSENCE q150","","02:31:18.622","-08:07:11.563"
"ESSENCE r205","","02:09:37.948","-03:31:20.238"
"ESSENCE r215","","02:08:55.716","-04:59:46.063"
"ESSENCE s371","","01:12:57.431","-00:26:54.525"
"ESSENCE x027","","02:08:15.486","-03:49:35.804"
"ESSENCE x084","","02:29:20.643","-07:51:00.932"
"ESSENCE x113","","02:34:36.128","-08:01:11.116"
"ESSENCE y117","","02:08:14.332","-04:05:09.772"
"ESSENCE y146","","02:29:26.184","-08:27:52.797"
"ESSENCE y155","","01:07:56.085","+00:17:41.484"
"ESSENCE y173","","02:35:34.821","-08:19:07.016"
"ESSENCE z195","","02:29:47.674","-09:01:08.431"
